"","Domain","Phylum","Class","Order","Family","Genus"
"ARCH79","Archaea","Euryarchaeota","Thermoplasmata","Marine_Group_II","Marine_Group_II_fa","Marine_Group_II_ge"
"ARCH80","Archaea","Euryarchaeota","Thermoplasmata","Marine_Group_III","Marine_Group_III_fa","Marine_Group_III_ge"
"ARCH81","Archaea","Euryarchaeota","Thermoplasmata","Marine_Benthic_Group_D_and_DHVEG-1","Marine_Benthic_Group_D_and_DHVEG-1_fa","Marine_Benthic_Group_D_and_DHVEG-1_ge"
"ARCH82","Archaea","Asgardaeota","Asgardaeota_unclassified","Asgardaeota_unclassified","Asgardaeota_unclassified","Asgardaeota_unclassified"
"ARCH83","Archaea","Thaumarchaeota","Nitrososphaeria","Nitrosopumilales","Nitrosopumilaceae","Nitrosopumilaceae"
"ARCH84","Archaea","Thaumarchaeota","Nitrososphaeria","Nitrosopumilales","Nitrosopumilaceae","Candidatus_Nitrosopelagicus"
"ARCH85","Archaea","Archaea_unclassified","Archaea_unclassified","Archaea_unclassified","Archaea_unclassified","Archaea_unclassified"
"ARCH86","Archaea","Thaumarchaeota","Nitrososphaeria","Nitrosopumilales","Nitrosopumilaceae","Candidatus_Nitrosopelagicus"
"ARCH87","Archaea","Thaumarchaeota","Nitrososphaeria","Nitrosopumilales","Nitrosopumilaceae","Candidatus_Nitrosopelagicus"
"ARCH88","Archaea","Thaumarchaeota","Nitrososphaeria","Nitrosopumilales","Nitrosopumilaceae","Candidatus_Nitrosopelagicus"
"ARCH89","Archaea","Thaumarchaeota","Nitrososphaeria","Nitrosopumilales","Nitrosopumilaceae","Nitrosopumilaceae"
"ARCH90","Archaea","Euryarchaeota","Thermoplasmata","Marine_Group_II","Marine_Group_II_fa","Marine_Group_II_ge"
"ARCH91","Archaea","Thaumarchaeota","Nitrososphaeria","Nitrosopumilales","Nitrosopumilaceae","Nitrosopumilaceae"
"ARCH92","Archaea","Thaumarchaeota","Nitrososphaeria","Nitrosopumilales","Nitrosopumilaceae","Candidatus_Nitrosopelagicus"
"ARCH93","Archaea","Thaumarchaeota","Nitrososphaeria","Nitrosopumilales","Nitrosopumilaceae","Nitrosopumilaceae"
"ARCH94","Archaea","Asgardaeota","Asgardaeota_unclassified","Asgardaeota_unclassified","Asgardaeota_unclassified","Asgardaeota_unclassified"
"ARCH95","Archaea","Asgardaeota","Odinarchaeia","Odinarchaeia_or","Odinarchaeia_fa","Odinarchaeia_ge"
"ARCH96","Archaea","Thaumarchaeota","Nitrososphaeria","Nitrosopumilales","Nitrosopumilaceae","Candidatus_Nitrosopelagicus"
"ARCH97","Archaea","Euryarchaeota","Thermoplasmata","Marine_Group_II","Marine_Group_II_fa","Marine_Group_II_ge"
"ARCH98","Archaea","Thaumarchaeota","Nitrososphaeria","Nitrosopumilales","Nitrosopumilaceae","Candidatus_Nitrosopelagicus"
"ARCH99","Archaea","Thaumarchaeota","Nitrososphaeria","Nitrosopumilales","Nitrosopumilaceae","Nitrosopumilaceae"
"ARCH100","Archaea","Euryarchaeota","Thermoplasmata","Marine_Group_III","Marine_Group_III_fa","Marine_Group_III_ge"
"ARCH101","Archaea","Euryarchaeota","Methanomicrobia","ANME-1","ANME-1b","ANME-1b_ge"
"ARCH102","Archaea","Thaumarchaeota","Nitrososphaeria","Nitrosopumilales","Nitrosopumilaceae","Candidatus_Nitrosopelagicus"
"ARCH103","Archaea","Euryarchaeota","Thermoplasmata","Marine_Group_II","Marine_Group_II_fa","Marine_Group_II_ge"
"ARCH104","Archaea","Thaumarchaeota","Nitrososphaeria","Nitrosopumilales","Nitrosopumilaceae","Candidatus_Nitrosopelagicus"
"ARCH105","Archaea","Thaumarchaeota","Nitrososphaeria","Nitrosopumilales","Nitrosopumilaceae","Nitrosopumilaceae"
"ARCH106","Archaea","Euryarchaeota","Thermoplasmata","Marine_Group_II","Marine_Group_II_fa","Marine_Group_II_ge"
"ARCH107","Archaea","Euryarchaeota","Thermoplasmata","Marine_Group_III","Marine_Group_III_fa","Marine_Group_III_ge"
"ARCH108","Archaea","Euryarchaeota","Methanomicrobia","ANME-1","ANME-1b","ANME-1b_ge"
"ARCH109","Archaea","Euryarchaeota","Thermoplasmata","Marine_Group_II","Marine_Group_II_fa","Marine_Group_II_ge"
"ARCH110","Archaea","Thaumarchaeota","Nitrososphaeria","Nitrosopumilales","Nitrosopumilaceae","Candidatus_Nitrosopelagicus"
"ARCH111","Archaea","Thaumarchaeota","Nitrososphaeria","Nitrosopumilales","Nitrosopumilaceae","Candidatus_Nitrosopelagicus"
"ARCH112","Archaea","Thaumarchaeota","Nitrososphaeria","Nitrosopumilales","Nitrosopumilaceae","Candidatus_Nitrosopelagicus"
"ARCH113","Archaea","Thaumarchaeota","Nitrososphaeria","Nitrosopumilales","Nitrosopumilaceae","Nitrosopumilaceae"
"ARCH114","Archaea","Thaumarchaeota","Nitrososphaeria","Nitrosopumilales","Nitrosopumilaceae","Candidatus_Nitrosopelagicus"
"ARCH115","Archaea","Euryarchaeota","Thermoplasmata","Marine_Group_II","Marine_Group_II_fa","Marine_Group_II_ge"
"ARCH116","Archaea","Thaumarchaeota","Nitrososphaeria","Nitrosopumilales","Nitrosopumilaceae","Candidatus_Nitrosopelagicus"
"ARCH117","Archaea","Thaumarchaeota","Nitrososphaeria","Nitrosopumilales","Nitrosopumilaceae","Candidatus_Nitrosopelagicus"
"ARCH118","Archaea","Euryarchaeota","Thermoplasmata","Marine_Group_II","Marine_Group_II_fa","Marine_Group_II_ge"
"ARCH119","Archaea","Euryarchaeota","Thermoplasmata","Marine_Group_II","Marine_Group_II_fa","Marine_Group_II_ge"
"ARCH120","Archaea","Thaumarchaeota","Nitrososphaeria","Nitrosopumilales","Nitrosopumilaceae","Nitrosopumilaceae"
"ARCH121","Archaea","Thaumarchaeota","Nitrososphaeria","Nitrosopumilales","Nitrosopumilaceae","Candidatus_Nitrosopelagicus"
"ARCH122","Archaea","Thaumarchaeota","Nitrososphaeria","Nitrosopumilales","Nitrosopumilaceae","Nitrosopumilaceae"
"ARCH123","Archaea","Thaumarchaeota","Nitrososphaeria","Nitrosopumilales","Nitrosopumilaceae","Nitrosopumilaceae"
"ARCH124","Archaea","Thaumarchaeota","Nitrososphaeria","Nitrosopumilales","Nitrosopumilaceae","Candidatus_Nitrosopelagicus"
"ARCH125","Archaea","Thaumarchaeota","Nitrososphaeria","Nitrosopumilales","Nitrosopumilaceae","Candidatus_Nitrosopelagicus"
"ARCH126","Archaea","Euryarchaeota","Thermoplasmata","Marine_Group_II","Marine_Group_II_fa","Marine_Group_II_ge"
"ARCH127","Archaea","Thaumarchaeota","Nitrososphaeria","Nitrosopumilales","Nitrosopumilaceae","Nitrosopumilaceae"
"ARCH128","Archaea","Thaumarchaeota","Nitrososphaeria","Nitrosopumilales","Nitrosopumilaceae","Nitrosopumilaceae"
"ARCH129","Archaea","Thaumarchaeota","Nitrososphaeria","Nitrosopumilales","Nitrosopumilaceae","Nitrosopumilaceae"
"ARCH130","Archaea","Euryarchaeota","Thermoplasmata","Marine_Group_II","Marine_Group_II_fa","Marine_Group_II_ge"
"ARCH157","Archaea","Euryarchaeota","Thermoplasmata","Marine_Group_II","Marine_Group_II_fa","Marine_Group_II_ge"
"ARCH158","Archaea","Thaumarchaeota","Nitrososphaeria","Nitrosopumilales","Nitrosopumilaceae","Nitrosopumilaceae"
"ARCH159","Archaea","Thaumarchaeota","Nitrososphaeria","Nitrosopumilales","Nitrosopumilaceae","Candidatus_Nitrosopelagicus"
"ARCH160","Archaea","Archaea_unclassified","Archaea_unclassified","Archaea_unclassified","Archaea_unclassified","Archaea_unclassified"
"ARCH161","Archaea","Archaea_unclassified","Archaea_unclassified","Archaea_unclassified","Archaea_unclassified","Archaea_unclassified"
"ARCH162","Archaea","Thaumarchaeota","Nitrososphaeria","Nitrosopumilales","Nitrosopumilaceae","Candidatus_Nitrosopelagicus"
"ARCH163","Archaea","Thaumarchaeota","Nitrososphaeria","Nitrosopumilales","Nitrosopumilaceae","Candidatus_Nitrosopelagicus"
"ARCH164","Archaea","Euryarchaeota","Thermoplasmata","Marine_Group_II","Marine_Group_II_fa","Marine_Group_II_ge"
"ARCH165","Archaea","Euryarchaeota","Thermoplasmata","Marine_Group_II","Marine_Group_II_fa","Marine_Group_II_ge"
"ARCH166","Archaea","Thaumarchaeota","Nitrososphaeria","Nitrosopumilales","Nitrosopumilaceae","Nitrosopumilaceae"
"ARCH167","Archaea","Euryarchaeota","Thermoplasmata","Marine_Group_II","Marine_Group_II_fa","Marine_Group_II_ge"
"ARCH168","Archaea","Euryarchaeota","Thermoplasmata","Marine_Group_II","Marine_Group_II_fa","Marine_Group_II_ge"
"ARCH169","Archaea","Euryarchaeota","Thermoplasmata","Marine_Group_II","Marine_Group_II_fa","Marine_Group_II_ge"
"ARCH170","Archaea","Thaumarchaeota","Nitrososphaeria","Nitrosopumilales","Nitrosopumilaceae","Nitrosopumilaceae"
"ARCH171","Archaea","Euryarchaeota","Thermoplasmata","Marine_Group_II","Marine_Group_II_fa","Marine_Group_II_ge"
"ARCH172","Archaea","Euryarchaeota","Thermoplasmata","Marine_Group_II","Marine_Group_II_fa","Marine_Group_II_ge"
"ARCH173","Archaea","Thaumarchaeota","Nitrososphaeria","Nitrosopumilales","Nitrosopumilaceae","Nitrosopumilaceae"
"ARCH174","Archaea","Euryarchaeota","Thermoplasmata","Marine_Group_II","Marine_Group_II_fa","Marine_Group_II_ge"
"ARCH175","Archaea","Thaumarchaeota","Nitrososphaeria","Nitrosopumilales","Nitrosopumilaceae","Nitrosopumilaceae"
"ARCH176","Archaea","Thaumarchaeota","Nitrososphaeria","Nitrosopumilales","Nitrosopumilaceae","Nitrosopumilaceae"
"ARCH177","Archaea","Thaumarchaeota","Nitrososphaeria","Nitrosopumilales","Nitrosopumilaceae","Nitrosopumilaceae"
"ARCH178","Archaea","Archaea_unclassified","Archaea_unclassified","Archaea_unclassified","Archaea_unclassified","Archaea_unclassified"
"ARCH179","Archaea","Euryarchaeota","Thermoplasmata","Marine_Group_II","Marine_Group_II_fa","Marine_Group_II_ge"
"ARCH180","Archaea","Thaumarchaeota","Nitrososphaeria","Nitrosopumilales","Nitrosopumilaceae","Candidatus_Nitrosopelagicus"
"ARCH181","Archaea","Thaumarchaeota","Nitrososphaeria","Nitrosopumilales","Nitrosopumilaceae","Nitrosopumilaceae"
"ARCH182","Archaea","Thaumarchaeota","Nitrososphaeria","Nitrosopumilales","Nitrosopumilaceae","Candidatus_Nitrosopelagicus"
"ARCH1","Archaea","Thaumarchaeota","Nitrososphaeria","Nitrosopumilales","Nitrosopumilaceae","Candidatus_Nitrosopumilus"
"ARCH2","Archaea","Thaumarchaeota","Nitrososphaeria","Nitrosopumilales","Nitrosopumilaceae","Candidatus_Nitrosopumilus"
"ARCH3","Archaea","Thaumarchaeota","Nitrososphaeria","Nitrosopumilales","Nitrosopumilaceae","Candidatus_Nitrosopumilus"
"ARCH4","Archaea","Thaumarchaeota","Nitrososphaeria","Nitrosopumilales","Nitrosopumilaceae","Candidatus_Nitrosopumilus"
"ARCH5","Archaea","Thaumarchaeota","Nitrososphaeria","Nitrosopumilales","Nitrosopumilaceae","Candidatus_Nitrosopumilus"
"ARCH6","Archaea","Euryarchaeota","Thermoplasmata","Marine_Group_II","Marine_Group_II_fa","Marine_Group_II_ge"
"ARCH7","Archaea","Euryarchaeota","Thermoplasmata","Marine_Group_II","Marine_Group_II_fa","Marine_Group_II_ge"
"ARCH8","Archaea","Euryarchaeota","Thermoplasmata","Marine_Group_II","Marine_Group_II_fa","Marine_Group_II_ge"
"ARCH9","Archaea","Euryarchaeota","Thermoplasmata","Marine_Group_II","Marine_Group_II_fa","Marine_Group_II_ge"
"ARCH10","Archaea","Euryarchaeota","Thermoplasmata","Marine_Group_II","Marine_Group_II_fa","Marine_Group_II_ge"
"ARCH11","Archaea","Euryarchaeota","Thermoplasmata","Marine_Group_II","Marine_Group_II_fa","Marine_Group_II_ge"
"ARCH12","Archaea","Euryarchaeota","Thermoplasmata","Marine_Group_II","Marine_Group_II_fa","Marine_Group_II_ge"
"ARCH13","Archaea","Euryarchaeota","Thermoplasmata","Marine_Group_II","Marine_Group_II_fa","Marine_Group_II_ge"
"ARCH14","Archaea","Thaumarchaeota","Nitrososphaeria","Nitrosopumilales","Nitrosopumilaceae","Candidatus_Nitrosopelagicus"
"ARCH15","Archaea","Euryarchaeota","Thermoplasmata","Marine_Group_II","Marine_Group_II_fa","Marine_Group_II_ge"
"ARCH16","Archaea","Euryarchaeota","Thermoplasmata","Marine_Group_II","Marine_Group_II_fa","Marine_Group_II_ge"
"ARCH17","Archaea","Euryarchaeota","Thermoplasmata","Marine_Group_II","Marine_Group_II_fa","Marine_Group_II_ge"
"ARCH18","Archaea","Euryarchaeota","Thermoplasmata","Marine_Group_II","Marine_Group_II_fa","Marine_Group_II_ge"
"ARCH19","Archaea","Euryarchaeota","Thermoplasmata","Marine_Group_II","Marine_Group_II_fa","Marine_Group_II_ge"
"ARCH20","Archaea","Euryarchaeota","Thermoplasmata","Marine_Group_II","Marine_Group_II_fa","Marine_Group_II_ge"
"ARCH21","Archaea","Euryarchaeota","Thermoplasmata","Marine_Group_II","Marine_Group_II_fa","Marine_Group_II_ge"
"ARCH22","Archaea","Euryarchaeota","Thermoplasmata","Marine_Group_III","Marine_Group_III_fa","Marine_Group_III_ge"
"ARCH23","Archaea","Thaumarchaeota","Nitrososphaeria","Nitrosopumilales","Nitrosopumilaceae","Candidatus_Nitrosopelagicus"
"ARCH24","Archaea","Euryarchaeota","Thermoplasmata","Marine_Group_II","Marine_Group_II_fa","Marine_Group_II_ge"
"ARCH25","Archaea","Euryarchaeota","Thermoplasmata","Marine_Group_II","Marine_Group_II_fa","Marine_Group_II_ge"
"ARCH26","Archaea","Euryarchaeota","Thermoplasmata","Marine_Group_II","Marine_Group_II_fa","Marine_Group_II_ge"
"ARCH131","Archaea","Thaumarchaeota","Nitrososphaeria","Nitrosopumilales","Nitrosopumilaceae","Nitrosopumilaceae"
"ARCH132","Archaea","Thaumarchaeota","Nitrososphaeria","Nitrosopumilales","Nitrosopumilaceae","Candidatus_Nitrosopelagicus"
"ARCH133","Archaea","Thaumarchaeota","Nitrososphaeria","Nitrosopumilales","Nitrosopumilaceae","Nitrosopumilaceae"
"ARCH134","Archaea","Euryarchaeota","Thermoplasmata","Marine_Group_II","Marine_Group_II_fa","Marine_Group_II_ge"
"ARCH135","Archaea","Archaea_unclassified","Archaea_unclassified","Archaea_unclassified","Archaea_unclassified","Archaea_unclassified"
"ARCH136","Archaea","Thaumarchaeota","Nitrososphaeria","Nitrosopumilales","Nitrosopumilaceae","Candidatus_Nitrosopelagicus"
"ARCH137","Archaea","Euryarchaeota","Thermoplasmata","Marine_Group_II","Marine_Group_II_fa","Marine_Group_II_ge"
"ARCH138","Archaea","Euryarchaeota","Thermoplasmata","Marine_Group_III","Marine_Group_III_fa","Marine_Group_III_ge"
"ARCH139","Archaea","Thaumarchaeota","Nitrososphaeria","Nitrosopumilales","Nitrosopumilaceae","Nitrosopumilaceae"
"ARCH140","Archaea","Archaea_unclassified","Archaea_unclassified","Archaea_unclassified","Archaea_unclassified","Archaea_unclassified"
"ARCH141","Archaea","Euryarchaeota","Thermoplasmata","Marine_Group_II","Marine_Group_II_fa","Marine_Group_II_ge"
"ARCH142","Archaea","Thaumarchaeota","Nitrososphaeria","Nitrosopumilales","Nitrosopumilaceae","Candidatus_Nitrosopelagicus"
"ARCH143","Archaea","Euryarchaeota","Thermoplasmata","Marine_Group_II","Marine_Group_II_fa","Marine_Group_II_ge"
"ARCH144","Archaea","Euryarchaeota","Thermoplasmata","uncultured","uncultured_fa","uncultured_ge"
"ARCH145","Archaea","Euryarchaeota","Thermoplasmata","Marine_Group_II","Marine_Group_II_fa","Marine_Group_II_ge"
"ARCH146","Archaea","Euryarchaeota","Thermoplasmata","Marine_Group_II","Marine_Group_II_fa","Marine_Group_II_ge"
"ARCH147","Archaea","Thaumarchaeota","Nitrososphaeria","Nitrosopumilales","Nitrosopumilaceae","Nitrosopumilaceae"
"ARCH148","Archaea","Euryarchaeota","Thermoplasmata","Marine_Group_II","Marine_Group_II_fa","Marine_Group_II_ge"
"ARCH149","Archaea","Euryarchaeota","Thermoplasmata","Marine_Group_II","Marine_Group_II_fa","Marine_Group_II_ge"
"ARCH150","Archaea","Euryarchaeota","Thermoplasmata","Marine_Group_II","Marine_Group_II_fa","Marine_Group_II_ge"
"ARCH151","Archaea","Thaumarchaeota","Nitrososphaeria","Nitrosopumilales","Nitrosopumilaceae","Nitrosopumilaceae"
"ARCH152","Archaea","Euryarchaeota","Thermoplasmata","Marine_Group_II","Marine_Group_II_fa","Marine_Group_II_ge"
"ARCH153","Archaea","Euryarchaeota","Thermoplasmata","Marine_Group_II","Marine_Group_II_fa","Marine_Group_II_ge"
"ARCH154","Archaea","Thaumarchaeota","Nitrososphaeria","Nitrosopumilales","Nitrosopumilaceae","Nitrosopumilaceae"
"ARCH155","Archaea","Thaumarchaeota","Nitrososphaeria","Nitrosopumilales","Nitrosopumilaceae","Candidatus_Nitrosopelagicus"
"ARCH156","Archaea","Euryarchaeota","Thermoplasmata","Marine_Group_II","Marine_Group_II_fa","Marine_Group_II_ge"
"ARCH27","Archaea","Euryarchaeota","Thermoplasmata","Marine_Group_II","Marine_Group_II_fa","Marine_Group_II_ge"
"ARCH28","Archaea","Crenarchaeota","Bathyarchaeia","Bathyarchaeia_or","Bathyarchaeia_fa","Bathyarchaeia_ge"
"ARCH29","Archaea","Thaumarchaeota","Nitrososphaeria","Nitrosopumilales","Nitrosopumilaceae","Candidatus_Nitrosopelagicus"
"ARCH30","Archaea","Euryarchaeota","Thermoplasmata","Marine_Group_II","Marine_Group_II_fa","Marine_Group_II_ge"
"ARCH31","Archaea","Thaumarchaeota","Nitrososphaeria","Nitrosopumilales","Nitrosopumilaceae","Candidatus_Nitrosopelagicus"
"ARCH32","Archaea","Thaumarchaeota","Nitrososphaeria","Nitrosopumilales","Nitrosopumilaceae","Candidatus_Nitrosopelagicus"
"ARCH33","Archaea","Euryarchaeota","Thermoplasmata","Marine_Group_II","Marine_Group_II_fa","Marine_Group_II_ge"
"ARCH34","Archaea","Euryarchaeota","Thermoplasmata","Marine_Group_II","Marine_Group_II_fa","Marine_Group_II_ge"
"ARCH35","Archaea","Thaumarchaeota","Nitrososphaeria","Nitrosopumilales","Nitrosopumilaceae","Candidatus_Nitrosopelagicus"
"ARCH36","Archaea","Euryarchaeota","Thermoplasmata","Marine_Group_II","Marine_Group_II_fa","Marine_Group_II_ge"
"ARCH37","Archaea","Euryarchaeota","Thermoplasmata","uncultured","uncultured_fa","uncultured_ge"
"ARCH38","Archaea","Thaumarchaeota","Nitrososphaeria","Nitrosopumilales","Nitrosopumilaceae","Candidatus_Nitrosopelagicus"
"ARCH39","Archaea","Euryarchaeota","Thermoplasmata","Marine_Group_II","Marine_Group_II_fa","Marine_Group_II_ge"
"ARCH40","Archaea","Crenarchaeota","Bathyarchaeia","Bathyarchaeia_or","Bathyarchaeia_fa","Bathyarchaeia_ge"
"ARCH41","Archaea","Euryarchaeota","Thermoplasmata","Marine_Group_II","Marine_Group_II_fa","Marine_Group_II_ge"
"ARCH42","Archaea","Euryarchaeota","Thermoplasmata","uncultured","uncultured_fa","uncultured_ge"
"ARCH43","Archaea","Euryarchaeota","Thermoplasmata","Marine_Group_II","Marine_Group_II_fa","Marine_Group_II_ge"
"ARCH44","Archaea","Euryarchaeota","Thermoplasmata","Marine_Group_II","Marine_Group_II_fa","Marine_Group_II_ge"
"ARCH45","Archaea","Euryarchaeota","Thermoplasmata","Marine_Group_II","Marine_Group_II_fa","Marine_Group_II_ge"
"ARCH46","Archaea","Euryarchaeota","Thermoplasmata","Marine_Group_II","Marine_Group_II_fa","Marine_Group_II_ge"
"ARCH47","Archaea","Thaumarchaeota","Nitrososphaeria","Nitrosopumilales","Nitrosopumilaceae","Candidatus_Nitrosopelagicus"
"ARCH48","Archaea","Thaumarchaeota","Nitrososphaeria","Nitrosopumilales","Nitrosopumilaceae","Candidatus_Nitrosopelagicus"
"ARCH49","Archaea","Euryarchaeota","Thermoplasmata","Marine_Group_II","Marine_Group_II_fa","Marine_Group_II_ge"
"ARCH50","Archaea","Thaumarchaeota","Nitrososphaeria","Nitrosopumilales","Nitrosopumilaceae","Nitrosopumilaceae"
"ARCH51","Archaea","Thaumarchaeota","Nitrososphaeria","Nitrosopumilales","Nitrosopumilaceae","Candidatus_Nitrosopelagicus"
"ARCH52","Archaea","Euryarchaeota","Thermoplasmata","Thermoplasmata_unclassified","Thermoplasmata_unclassified","Thermoplasmata_unclassified"
"ARCH209","Archaea","Thaumarchaeota","Nitrososphaeria","Nitrosopumilales","Nitrosopumilaceae","Candidatus_Nitrosopelagicus"
"ARCH210","Archaea","Thaumarchaeota","Nitrososphaeria","Nitrosopumilales","Nitrosopumilaceae","Candidatus_Nitrosopelagicus"
"ARCH211","Archaea","Euryarchaeota","Thermoplasmata","Marine_Group_II","Marine_Group_II_fa","Marine_Group_II_ge"
"ARCH212","Archaea","Euryarchaeota","Thermoplasmata","Marine_Group_II","Marine_Group_II_fa","Marine_Group_II_ge"
"ARCH213","Archaea","Euryarchaeota","Thermoplasmata","Marine_Group_II","Marine_Group_II_fa","Marine_Group_II_ge"
"ARCH214","Archaea","Euryarchaeota","Thermoplasmata","uncultured","uncultured_fa","uncultured_ge"
"ARCH215","Archaea","Thaumarchaeota","Nitrososphaeria","Nitrosopumilales","Nitrosopumilaceae","Candidatus_Nitrosopelagicus"
"ARCH216","Archaea","Euryarchaeota","Thermoplasmata","Marine_Group_II","Marine_Group_II_fa","Marine_Group_II_ge"
"ARCH217","Archaea","Euryarchaeota","Thermoplasmata","Marine_Group_II","Marine_Group_II_fa","Marine_Group_II_ge"
"ARCH218","Archaea","Euryarchaeota","Thermoplasmata","Marine_Group_II","Marine_Group_II_fa","Marine_Group_II_ge"
"ARCH219","Archaea","Euryarchaeota","Thermoplasmata","Marine_Group_II","Marine_Group_II_fa","Marine_Group_II_ge"
"ARCH220","Archaea","Euryarchaeota","Thermoplasmata","Marine_Group_II","Marine_Group_II_fa","Marine_Group_II_ge"
"ARCH221","Archaea","Euryarchaeota","Thermoplasmata","Marine_Group_II","Marine_Group_II_fa","Marine_Group_II_ge"
"ARCH222","Archaea","Crenarchaeota","Bathyarchaeia","Bathyarchaeia_or","Bathyarchaeia_fa","Bathyarchaeia_ge"
"ARCH223","Archaea","Euryarchaeota","Thermoplasmata","Marine_Group_II","Marine_Group_II_fa","Marine_Group_II_ge"
"ARCH224","Archaea","Euryarchaeota","Thermoplasmata","Marine_Group_II","Marine_Group_II_fa","Marine_Group_II_ge"
"ARCH225","Archaea","Thaumarchaeota","Nitrososphaeria","Nitrosopumilales","Nitrosopumilaceae","Nitrosopumilaceae"
"ARCH226","Archaea","Thaumarchaeota","Nitrososphaeria","Nitrosopumilales","Nitrosopumilaceae","Candidatus_Nitrosopelagicus"
"ARCH227","Archaea","Thaumarchaeota","Nitrososphaeria","Nitrosopumilales","Nitrosopumilaceae","Nitrosopumilaceae"
"ARCH228","Archaea","Thaumarchaeota","Nitrososphaeria","Nitrosopumilales","Nitrosopumilaceae","Nitrosopumilaceae"
"ARCH229","Archaea","Euryarchaeota","Thermoplasmata","Marine_Group_II","Marine_Group_II_fa","Marine_Group_II_ge"
"ARCH230","Archaea","Euryarchaeota","Thermoplasmata","Marine_Group_II","Marine_Group_II_fa","Marine_Group_II_ge"
"ARCH231","Archaea","Thaumarchaeota","Nitrososphaeria","Nitrosopumilales","Nitrosopumilaceae","Nitrosopumilaceae"
"ARCH232","Archaea","Thaumarchaeota","Nitrososphaeria","Nitrosopumilales","Nitrosopumilaceae","Candidatus_Nitrosopelagicus"
"ARCH233","Archaea","Thaumarchaeota","Nitrososphaeria","Nitrosopumilales","Nitrosopumilaceae","Candidatus_Nitrosopelagicus"
"ARCH234","Archaea","Thaumarchaeota","Nitrososphaeria","Nitrosopumilales","Nitrosopumilaceae","Candidatus_Nitrosopelagicus"
"ARCH235","Archaea","Euryarchaeota","Thermoplasmata","Marine_Group_II","Marine_Group_II_fa","Marine_Group_II_ge"
"ARCH236","Archaea","Thaumarchaeota","Nitrososphaeria","Nitrosopumilales","Nitrosopumilaceae","Candidatus_Nitrosopelagicus"
"ARCH237","Archaea","Thaumarchaeota","Nitrososphaeria","Nitrosopumilales","Nitrosopumilaceae","Nitrosopumilaceae"
"ARCH238","Archaea","Euryarchaeota","Euryarchaeota_unclassified","Euryarchaeota_unclassified","Euryarchaeota_unclassified","Euryarchaeota_unclassified"
"ARCH239","Archaea","Asgardaeota","Asgardaeota_unclassified","Asgardaeota_unclassified","Asgardaeota_unclassified","Asgardaeota_unclassified"
"ARCH240","Archaea","Euryarchaeota","Thermoplasmata","Marine_Group_II","Marine_Group_II_fa","Marine_Group_II_ge"
"ARCH241","Archaea","Euryarchaeota","Thermoplasmata","Marine_Group_II","Marine_Group_II_fa","Marine_Group_II_ge"
"ARCH242","Archaea","Thaumarchaeota","Nitrososphaeria","Nitrosopumilales","Nitrosopumilaceae","Candidatus_Nitrosopelagicus"
"ARCH243","Archaea","Thaumarchaeota","Nitrososphaeria","Nitrosopumilales","Nitrosopumilaceae","Nitrosopumilaceae"
"ARCH244","Archaea","Thaumarchaeota","Nitrososphaeria","Nitrosopumilales","Nitrosopumilaceae","Candidatus_Nitrosopelagicus"
"ARCH245","Archaea","Asgardaeota","Asgardaeota_unclassified","Asgardaeota_unclassified","Asgardaeota_unclassified","Asgardaeota_unclassified"
"ARCH246","Archaea","Asgardaeota","Odinarchaeia","Odinarchaeia_or","Odinarchaeia_fa","Odinarchaeia_ge"
"ARCH247","Archaea","Euryarchaeota","Thermoplasmata","Marine_Group_II","Marine_Group_II_fa","Marine_Group_II_ge"
"ARCH248","Archaea","Thaumarchaeota","Nitrososphaeria","Nitrosopumilales","Nitrosopumilaceae","Nitrosopumilaceae"
"ARCH249","Archaea","Thaumarchaeota","Nitrososphaeria","Nitrosopumilales","Nitrosopumilaceae","Candidatus_Nitrosopelagicus"
"ARCH250","Archaea","Thaumarchaeota","Nitrososphaeria","Nitrosopumilales","Nitrosopumilaceae","Nitrosopumilaceae"
"ARCH251","Archaea","Thaumarchaeota","Nitrososphaeria","Nitrosopumilales","Nitrosopumilaceae","Nitrosopumilaceae"
"ARCH252","Archaea","Euryarchaeota","Thermoplasmata","Marine_Group_II","Marine_Group_II_fa","Marine_Group_II_ge"
"ARCH253","Archaea","Euryarchaeota","Thermoplasmata","Thermoplasmata_unclassified","Thermoplasmata_unclassified","Thermoplasmata_unclassified"
"ARCH254","Archaea","Thaumarchaeota","Nitrososphaeria","Nitrosopumilales","Nitrosopumilaceae","Nitrosopumilaceae"
"ARCH255","Archaea","Thaumarchaeota","Nitrososphaeria","Nitrosopumilales","Nitrosopumilaceae","Candidatus_Nitrosopelagicus"
"ARCH256","Archaea","Euryarchaeota","Thermoplasmata","Marine_Group_II","Marine_Group_II_fa","Marine_Group_II_ge"
"ARCH257","Archaea","Euryarchaeota","Thermoplasmata","Marine_Group_II","Marine_Group_II_fa","Marine_Group_II_ge"
"ARCH258","Archaea","Euryarchaeota","Thermoplasmata","Marine_Group_II","Marine_Group_II_fa","Marine_Group_II_ge"
"ARCH259","Archaea","Euryarchaeota","Thermoplasmata","Marine_Group_II","Marine_Group_II_fa","Marine_Group_II_ge"
"ARCH260","Archaea","Euryarchaeota","Thermoplasmata","Marine_Group_II","Marine_Group_II_fa","Marine_Group_II_ge"
"ARCH261","Archaea","Euryarchaeota","Thermoplasmata","Marine_Group_II","Marine_Group_II_fa","Marine_Group_II_ge"
"ARCH262","Archaea","Euryarchaeota","Thermoplasmata","Marine_Group_II","Marine_Group_II_fa","Marine_Group_II_ge"
"ARCH263","Archaea","Thaumarchaeota","Nitrososphaeria","Nitrosopumilales","Nitrosopumilaceae","Nitrosopumilaceae"
"ARCH264","Archaea","Euryarchaeota","Thermoplasmata","Marine_Group_II","Marine_Group_II_fa","Marine_Group_II_ge"
"ARCH265","Archaea","Euryarchaeota","Thermoplasmata","Marine_Group_II","Marine_Group_II_fa","Marine_Group_II_ge"
"ARCH266","Archaea","Euryarchaeota","Thermoplasmata","Marine_Group_II","Marine_Group_II_fa","Marine_Group_II_ge"
"ARCH267","Archaea","Thaumarchaeota","Nitrososphaeria","Nitrosopumilales","Nitrosopumilaceae","Nitrosopumilaceae"
"ARCH53","Archaea","Thaumarchaeota","Nitrososphaeria","Nitrosopumilales","Nitrosopumilaceae","Candidatus_Nitrosopelagicus"
"ARCH54","Archaea","Euryarchaeota","Thermoplasmata","Marine_Group_II","Marine_Group_II_fa","Marine_Group_II_ge"
"ARCH55","Archaea","Thaumarchaeota","Nitrososphaeria","Nitrosopumilales","Nitrosopumilaceae","Candidatus_Nitrosopelagicus"
"ARCH56","Archaea","Euryarchaeota","Thermoplasmata","Marine_Group_II","Marine_Group_II_fa","Marine_Group_II_ge"
"ARCH57","Archaea","Thaumarchaeota","Nitrososphaeria","Nitrosopumilales","Nitrosopumilaceae","Candidatus_Nitrosopelagicus"
"ARCH58","Archaea","Euryarchaeota","Thermoplasmata","Marine_Group_II","Marine_Group_II_fa","Marine_Group_II_ge"
"ARCH59","Archaea","Euryarchaeota","Thermoplasmata","Marine_Group_II","Marine_Group_II_fa","Marine_Group_II_ge"
"ARCH60","Archaea","Euryarchaeota","Thermoplasmata","Marine_Group_II","Marine_Group_II_fa","Marine_Group_II_ge"
"ARCH61","Archaea","Euryarchaeota","Thermoplasmata","Marine_Group_II","Marine_Group_II_fa","Marine_Group_II_ge"
"ARCH62","Archaea","Euryarchaeota","Thermoplasmata","Marine_Group_III","Marine_Group_III_fa","Marine_Group_III_ge"
"ARCH63","Archaea","Asgardaeota","Asgardaeota_unclassified","Asgardaeota_unclassified","Asgardaeota_unclassified","Asgardaeota_unclassified"
"ARCH64","Archaea","Thaumarchaeota","Nitrososphaeria","Nitrosopumilales","Nitrosopumilaceae","Candidatus_Nitrosopelagicus"
"ARCH65","Archaea","Thaumarchaeota","Nitrososphaeria","Nitrosopumilales","Nitrosopumilaceae","Nitrosopumilaceae"
"ARCH66","Archaea","Euryarchaeota","Thermoplasmata","Marine_Group_II","Marine_Group_II_fa","Marine_Group_II_ge"
"ARCH67","Archaea","Euryarchaeota","Thermoplasmata","Marine_Group_II","Marine_Group_II_fa","Marine_Group_II_ge"
"ARCH68","Archaea","Thaumarchaeota","Nitrososphaeria","Nitrosopumilales","Nitrosopumilaceae","Candidatus_Nitrosopelagicus"
"ARCH69","Archaea","Thaumarchaeota","Nitrososphaeria","Nitrosopumilales","Nitrosopumilaceae","Candidatus_Nitrosopelagicus"
"ARCH70","Archaea","Euryarchaeota","Thermoplasmata","Marine_Group_II","Marine_Group_II_fa","Marine_Group_II_ge"
"ARCH71","Archaea","Thaumarchaeota","Nitrososphaeria","Nitrosopumilales","Nitrosopumilaceae","Candidatus_Nitrosopelagicus"
"ARCH72","Archaea","Euryarchaeota","Thermoplasmata","Marine_Group_II","Marine_Group_II_fa","Marine_Group_II_ge"
"ARCH73","Archaea","Thaumarchaeota","Nitrososphaeria","Nitrosopumilales","Nitrosopumilaceae","Candidatus_Nitrosopelagicus"
"ARCH74","Archaea","Thaumarchaeota","Nitrososphaeria","Nitrosopumilales","Nitrosopumilaceae","Nitrosopumilaceae"
"ARCH75","Archaea","Asgardaeota","Asgardaeota_unclassified","Asgardaeota_unclassified","Asgardaeota_unclassified","Asgardaeota_unclassified"
"ARCH76","Archaea","Thaumarchaeota","Nitrososphaeria","Nitrosopumilales","Nitrosopumilaceae","Nitrosopumilaceae"
"ARCH77","Archaea","Thaumarchaeota","Nitrososphaeria","Nitrosopumilales","Nitrosopumilaceae","Candidatus_Nitrosopelagicus"
"ARCH78","Archaea","Thaumarchaeota","Nitrososphaeria","Nitrosopumilales","Nitrosopumilaceae","Candidatus_Nitrosopelagicus"
"ARCH183","Archaea","Euryarchaeota","Thermoplasmata","Marine_Group_II","Marine_Group_II_fa","Marine_Group_II_ge"
"ARCH184","Archaea","Thaumarchaeota","Nitrososphaeria","Nitrosopumilales","Nitrosopumilaceae","Candidatus_Nitrosopelagicus"
"ARCH185","Archaea","Euryarchaeota","Thermoplasmata","Marine_Group_II","Marine_Group_II_fa","Marine_Group_II_ge"
"ARCH186","Archaea","Euryarchaeota","Thermoplasmata","Marine_Group_II","Marine_Group_II_fa","Marine_Group_II_ge"
"ARCH187","Archaea","Euryarchaeota","Thermoplasmata","Marine_Group_II","Marine_Group_II_fa","Marine_Group_II_ge"
"ARCH188","Archaea","Euryarchaeota","Thermoplasmata","Marine_Group_II","Marine_Group_II_fa","Marine_Group_II_ge"
"ARCH189","Archaea","Thaumarchaeota","Nitrososphaeria","Nitrosopumilales","Nitrosopumilaceae","Candidatus_Nitrosopelagicus"
"ARCH190","Archaea","Euryarchaeota","Thermoplasmata","Marine_Group_II","Marine_Group_II_fa","Marine_Group_II_ge"
"ARCH191","Archaea","Thaumarchaeota","Nitrososphaeria","Nitrosopumilales","Nitrosopumilaceae","Candidatus_Nitrosopelagicus"
"ARCH192","Archaea","Euryarchaeota","Thermoplasmata","Marine_Group_II","Marine_Group_II_fa","Marine_Group_II_ge"
"ARCH193","Archaea","Thaumarchaeota","Nitrososphaeria","Nitrosopumilales","Nitrosopumilaceae","Nitrosopumilaceae"
"ARCH194","Archaea","Euryarchaeota","Thermoplasmata","Marine_Group_II","Marine_Group_II_fa","Marine_Group_II_ge"
"ARCH195","Archaea","Thaumarchaeota","Nitrososphaeria","Nitrosopumilales","Nitrosopumilaceae","Nitrosopumilaceae"
"ARCH196","Archaea","Euryarchaeota","Thermoplasmata","Marine_Group_II","Marine_Group_II_fa","Marine_Group_II_ge"
"ARCH197","Archaea","Euryarchaeota","Thermoplasmata","Marine_Group_II","Marine_Group_II_fa","Marine_Group_II_ge"
"ARCH198","Archaea","Euryarchaeota","Thermoplasmata","uncultured","uncultured_fa","uncultured_ge"
"ARCH199","Archaea","Thaumarchaeota","Nitrososphaeria","Nitrosopumilales","Nitrosopumilaceae","Candidatus_Nitrosopelagicus"
"ARCH200","Archaea","Euryarchaeota","Thermoplasmata","Marine_Group_II","Marine_Group_II_fa","Marine_Group_II_ge"
"ARCH201","Archaea","Euryarchaeota","Thermoplasmata","Marine_Group_II","Marine_Group_II_fa","Marine_Group_II_ge"
"ARCH202","Archaea","Euryarchaeota","Thermoplasmata","Marine_Group_II","Marine_Group_II_fa","Marine_Group_II_ge"
"ARCH203","Archaea","Euryarchaeota","Thermoplasmata","Marine_Group_II","Marine_Group_II_fa","Marine_Group_II_ge"
"ARCH204","Archaea","Archaea_unclassified","Archaea_unclassified","Archaea_unclassified","Archaea_unclassified","Archaea_unclassified"
"ARCH205","Archaea","Thaumarchaeota","Nitrososphaeria","Nitrosopumilales","Nitrosopumilaceae","Candidatus_Nitrosopelagicus"
"ARCH206","Archaea","Archaea_unclassified","Archaea_unclassified","Archaea_unclassified","Archaea_unclassified","Archaea_unclassified"
"ARCH207","Archaea","Euryarchaeota","Thermoplasmata","Marine_Group_II","Marine_Group_II_fa","Marine_Group_II_ge"
"ARCH208","Archaea","Thaumarchaeota","Nitrososphaeria","Nitrosopumilales","Nitrosopumilaceae","Candidatus_Nitrosopelagicus"
